JVM_NAME,JVM_STATUS,CEB_DB,IDS_DB
CEBNG_PRD_BDC1RDFTCEBWS22_A_1, SUCCESS, SUCCESS, SUCCESS
CEBNG_PRD_BDC1RDFTCEBWS22_A_2, SUCCESS, SUCCESS, SUCCESS
CEBNG_PRD_BDC1RDFTCEBWS22_A_3, SUCCESS, SUCCESS, SUCCESS
CEBNG_PRD_BDC1RDFTCEBWS22_A_4, SUCCESS, SUCCESS, SUCCESS
CEBNG_PRD_BDC1RDFTCEBWS22_A_5, SUCCESS, SUCCESS, SUCCESS
CEBNG_PRD_BDC1RDFTCEBWS22_A_6, SUCCESS, SUCCESS, SUCCESS
CEBNG_PRD_BDC1RDFTCEBWS23_A_1, SUCCESS, SUCCESS, SUCCESS
CEBNG_PRD_BDC1RDFTCEBWS23_A_2, SUCCESS, SUCCESS, SUCCESS
CEBNG_PRD_BDC1RDFTCEBWS23_A_3, SUCCESS, SUCCESS, SUCCESS
CEBNG_PRD_BDC1RDFTCEBWS23_A_4, SUCCESS, SUCCESS, SUCCESS
CEBNG_PRD_BDC1RDFTCEBWS23_A_5, SUCCESS, SUCCESS, SUCCESS
CEBNG_PRD_BDC1RDFTCEBWS23_A_6, SUCCESS, SUCCESS, SUCCESS
CEBNG_PRD_BDC1RDFTCEBWS24_C_1, SUCCESS, SUCCESS, SUCCESS
CEBNG_PRD_BDC1RDFTCEBWS24_C_2, SUCCESS, SUCCESS, SUCCESS
CEBNG_PRD_BDC1RDFTCEBWS24_C_3, SUCCESS, SUCCESS, SUCCESS
CEBNG_PRD_BDC1RDFTCEBWS24_C_4, SUCCESS, SUCCESS, SUCCESS
CEBNG_PRD_BDC1RDFTCEBWS24_C_5, SUCCESS, SUCCESS, SUCCESS
CEBNG_PRD_BDC1RDFTCEBWS24_C_6, SUCCESS, SUCCESS, SUCCESS
CEBNG_PRD_BDC1RDFTCEBWS25_C_1, SUCCESS, SUCCESS, SUCCESS
CEBNG_PRD_BDC1RDFTCEBWS25_C_2, SUCCESS, SUCCESS, SUCCESS
CEBNG_PRD_BDC1RDFTCEBWS25_C_3, SUCCESS, SUCCESS, SUCCESS
CEBNG_PRD_BDC1RDFTCEBWS25_C_4, SUCCESS, SUCCESS, SUCCESS
CEBNG_PRD_BDC1RDFTCEBWS25_C_5, SUCCESS, SUCCESS, SUCCESS
CEBNG_PRD_BDC1RDFTCEBWS25_C_6, SUCCESS, SUCCESS, SUCCESS
CEBNG_PRD_BDC1RDFTCEBWS26_D_1, SUCCESS, SUCCESS, SUCCESS
CEBNG_PRD_BDC1RDFTCEBWS26_D_2, SUCCESS, SUCCESS, SUCCESS
CEBNG_PRD_BDC1RDFTCEBWS26_D_3, SUCCESS, SUCCESS, SUCCESS
CEBNG_PRD_BDC1RDFTCEBWS26_D_4, SUCCESS, SUCCESS, SUCCESS
CEBNG_PRD_BDC1RDFTCEBWS26_D_5, SUCCESS, SUCCESS, SUCCESS
CEBNG_PRD_BDC1RDFTCEBWS26_D_6, SUCCESS, SUCCESS, SUCCESS
CEBNG_PRD_BDC1RDFTCEBWS27_D_1, SUCCESS, SUCCESS, SUCCESS
CEBNG_PRD_BDC1RDFTCEBWS27_D_2, SUCCESS, SUCCESS, SUCCESS
CEBNG_PRD_BDC1RDFTCEBWS27_D_3, SUCCESS, SUCCESS, SUCCESS
CEBNG_PRD_BDC1RDFTCEBWS27_D_4, SUCCESS, SUCCESS, SUCCESS
CEBNG_PRD_BDC1RDFTCEBWS27_D_5, SUCCESS, SUCCESS, SUCCESS
CEBNG_PRD_BDC1RDFTCEBWS27_D_6, SUCCESS, SUCCESS, SUCCESS
CEBNG_PRD_BDC1RDFTCEBWS28_E_1, SUCCESS, SUCCESS, SUCCESS
CEBNG_PRD_BDC1RDFTCEBWS28_E_2, SUCCESS, SUCCESS, SUCCESS
CEBNG_PRD_BDC1RDFTCEBWS28_E_3, SUCCESS, SUCCESS, SUCCESS
CEBNG_PRD_BDC1RDFTCEBWS28_E_4, SUCCESS, SUCCESS, SUCCESS
CEBNG_PRD_BDC1RDFTCEBWS28_E_5, SUCCESS, SUCCESS, SUCCESS
CEBNG_PRD_BDC1RDFTCEBWS28_E_6, SUCCESS, SUCCESS, SUCCESS
CEBNG_PRD_BDC1RDFTCEBWS29_E_1, SUCCESS, SUCCESS, SUCCESS
CEBNG_PRD_BDC1RDFTCEBWS29_E_2, SUCCESS, SUCCESS, SUCCESS
CEBNG_PRD_BDC1RDFTCEBWS29_E_3, SUCCESS, SUCCESS, SUCCESS
CEBNG_PRD_BDC1RDFTCEBWS29_E_4, SUCCESS, SUCCESS, SUCCESS
CEBNG_PRD_BDC1RDFTCEBWS29_E_5, SUCCESS, SUCCESS, SUCCESS
CEBNG_PRD_BDC1RDFTCEBWS29_E_6, SUCCESS, SUCCESS, SUCCESS
CEBNG_PRD_BDC1RDFTCEBWS30_F_1, SUCCESS, SUCCESS, SUCCESS
CEBNG_PRD_BDC1RDFTCEBWS30_F_2, SUCCESS, SUCCESS, SUCCESS
CEBNG_PRD_BDC1RDFTCEBWS30_F_3, SUCCESS, SUCCESS, SUCCESS
CEBNG_PRD_BDC1RDFTCEBWS30_F_4, SUCCESS, SUCCESS, SUCCESS
CEBNG_PRD_BDC1RDFTCEBWS30_F_5, SUCCESS, SUCCESS, SUCCESS
CEBNG_PRD_BDC1RDFTCEBWS30_F_6, SUCCESS, SUCCESS, SUCCESS
CEBNG_PRD_BDC1RDFTCEBWS31_F_1, SUCCESS, SUCCESS, SUCCESS
CEBNG_PRD_BDC1RDFTCEBWS31_F_2, SUCCESS, SUCCESS, SUCCESS
CEBNG_PRD_BDC1RDFTCEBWS31_F_3, SUCCESS, SUCCESS, SUCCESS
CEBNG_PRD_BDC1RDFTCEBWS31_F_4, SUCCESS, SUCCESS, SUCCESS
CEBNG_PRD_BDC1RDFTCEBWS31_F_5, SUCCESS, SUCCESS, SUCCESS
CEBNG_PRD_BDC1RDFTCEBWS31_F_6, SUCCESS, SUCCESS, SUCCESS
CEBWS_PRD_BDC1RDFTCEBWS01_AGGR_1, SUCCESS, SUCCESS, SUCCESS
CEBWS_PRD_BDC1RDFTCEBWS01_AGGR_2, SUCCESS, SUCCESS, SUCCESS
CEBWS_PRD_BDC1RDFTCEBWS01_IBS_1, SUCCESS, SUCCESS, SUCCESS
CEBWS_PRD_BDC1RDFTCEBWS01_IBS_2, SUCCESS, SUCCESS, SUCCESS
CEBWS_PRD_BDC1RDFTCEBWS02_AGGR_1, SUCCESS, SUCCESS, SUCCESS
CEBWS_PRD_BDC1RDFTCEBWS02_AGGR_2, SUCCESS, SUCCESS, SUCCESS
CEBWS_PRD_BDC1RDFTCEBWS02_IBS_1, SUCCESS, SUCCESS, SUCCESS
CEBWS_PRD_BDC1RDFTCEBWS02_IBS_2, SUCCESS, SUCCESS, SUCCESS
CEBWS_PRD_BDC1RDFTCEBWS03_D_1, SUCCESS, SUCCESS, SUCCESS
CEBWS_PRD_BDC1RDFTCEBWS03_D_2, SUCCESS, SUCCESS, SUCCESS
CEBWS_PRD_BDC1RDFTCEBWS03_D_3, SUCCESS, SUCCESS, SUCCESS
CEBWS_PRD_BDC1RDFTCEBWS03_D_4, SUCCESS, SUCCESS, SUCCESS
CEBWS_PRD_BDC1RDFTCEBWS03_D_5, SUCCESS, SUCCESS, SUCCESS
CEBWS_PRD_BDC1RDFTCEBWS03_D_6, SUCCESS, SUCCESS, SUCCESS
CEBWS_PRD_BDC1RDFTCEBWS03_D_7, SUCCESS, SUCCESS, SUCCESS
CEBWS_PRD_BDC1RDFTCEBWS03_D_8, SUCCESS, SUCCESS, SUCCESS
CEBWS_PRD_BDC1RDFTCEBWS04_D_1, SUCCESS, SUCCESS, SUCCESS
CEBWS_PRD_BDC1RDFTCEBWS04_D_2, SUCCESS, SUCCESS, SUCCESS
CEBWS_PRD_BDC1RDFTCEBWS04_D_3, SUCCESS, SUCCESS, SUCCESS
CEBWS_PRD_BDC1RDFTCEBWS04_D_4, SUCCESS, SUCCESS, SUCCESS
CEBWS_PRD_BDC1RDFTCEBWS04_D_5, SUCCESS, SUCCESS, SUCCESS
CEBWS_PRD_BDC1RDFTCEBWS04_D_6, SUCCESS, SUCCESS, SUCCESS
CEBWS_PRD_BDC1RDFTCEBWS04_D_7, SUCCESS, SUCCESS, SUCCESS
CEBWS_PRD_BDC1RDFTCEBWS04_D_8, SUCCESS, SUCCESS, SUCCESS
CEBNGADM_PRD_BDC1RDFTCEBWS40_C_1, SUCCESS, SUCCESS, SUCCESS
CEBNGADM_PRD_BDC1RDFTCEBWS40_D_1, SUCCESS, SUCCESS, SUCCESS
CEBNGADM_PRD_BDC1RDFTCEBWS41_C_1, SUCCESS, SUCCESS, SUCCESS
CEBNGADM_PRD_BDC1RDFTCEBWS41_D_1, SUCCESS, SUCCESS, SUCCESS
